{
    "P60045": {
        "1OXR_A": {
            "AIN_1": {
                "model": 0,
                "chain": "A",
                "ligand_id": "AIN",
                "sequence_identifier": 141,
                "center_x": 11.817,
                "center_y": 14.809,
                "center_z": 2.603,
                "size_x": 5.0,
                "size_y": 4.0,
                "size_z": 6.0,
                "volume": 120.0,
                "atom_centers": [
                    [
                        13.906999588012695,
                        16.1299991607666,
                        0.6240000128746033
                    ],
                    [
                        13.253999710083008,
                        15.777999877929688,
                        1.7230000495910645
                    ],
                    [
                        13.91100025177002,
                        15.758999824523926,
                        2.749000072479248
                    ],
                    [
                        11.829999923706055,
                        15.315999984741211,
                        1.6640000343322754
                    ],
                    [
                        11.11400032043457,
                        15.380999565124512,
                        0.4560000002384186
                    ],
                    [
                        9.77400016784668,
                        15.00100040435791,
                        0.42899999022483826
                    ],
                    [
                        9.119999885559082,
                        14.60099983215332,
                        1.5800000429153442
                    ],
                    [
                        9.751999855041504,
                        14.567999839782715,
                        2.802000045776367
                    ],
                    [
                        11.088000297546387,
                        14.92199993133545,
                        2.9230000972747803
                    ],
                    [
                        11.822999954223633,
                        14.906000137329102,
                        4.090000152587891
                    ],
                    [
                        12.47700023651123,
                        13.770000457763672,
                        4.769000053405762
                    ],
                    [
                        12.685999870300293,
                        13.869999885559082,
                        5.9710001945495605
                    ],
                    [
                        12.890000343322754,
                        12.508999824523926,
                        4.056000232696533
                    ]
                ],
                "num_atoms": 13,
                "pdb_filename": "data/prepared_targets/P60045/1OXR_A/1OXR_A_natural_ligands/1OXR_A_0_A_AIN_141.pdb",
                "compressed_pdb_filename": "data/prepared_targets/P60045/1OXR_A/1OXR_A_natural_ligands/1OXR_A_0_A_AIN_141.pdb.gz"
            }
        }
    },
    "P15090": {
        "3P6H_A": {
            "IBP_1": {
                "model": 0,
                "chain": "A",
                "ligand_id": "IBP",
                "sequence_identifier": 133,
                "center_x": 5.815,
                "center_y": 7.132,
                "center_z": 18.864,
                "size_x": 4.0,
                "size_y": 4.0,
                "size_z": 9.0,
                "volume": 144.0,
                "atom_centers": [
                    [
                        5.9120001792907715,
                        6.099999904632568,
                        15.532999992370605
                    ],
                    [
                        4.998000144958496,
                        8.579999923706055,
                        21.674999237060547
                    ],
                    [
                        4.915999889373779,
                        7.519000053405762,
                        22.768999099731445
                    ],
                    [
                        6.354000091552734,
                        7.260000228881836,
                        23.229000091552734
                    ],
                    [
                        4.046000003814697,
                        6.331999778747559,
                        22.270999908447266
                    ],
                    [
                        6.959000110626221,
                        6.540999889373779,
                        16.555999755859375
                    ],
                    [
                        7.564000129699707,
                        7.848999977111816,
                        16.04400062561035
                    ],
                    [
                        6.382999897003174,
                        6.991000175476074,
                        17.891000747680664
                    ],
                    [
                        7.295000076293945,
                        7.486999988555908,
                        18.805999755859375
                    ],
                    [
                        6.817999839782715,
                        7.993000030517578,
                        20.006999969482422
                    ],
                    [
                        5.466000080108643,
                        7.994999885559082,
                        20.323999404907227
                    ],
                    [
                        4.558000087738037,
                        7.493000030517578,
                        19.381000518798828
                    ],
                    [
                        5.011000156402588,
                        7.00600004196167,
                        18.156999588012695
                    ],
                    [
                        5.828000068664551,
                        4.890999794006348,
                        15.300999641418457
                    ],
                    [
                        5.11899995803833,
                        6.948999881744385,
                        15.02299976348877
                    ]
                ],
                "num_atoms": 15,
                "pdb_filename": "data/prepared_targets/P15090/3P6H_A/3P6H_A_natural_ligands/3P6H_A_0_A_IBP_133.pdb",
                "compressed_pdb_filename": "data/prepared_targets/P15090/3P6H_A/3P6H_A_natural_ligands/3P6H_A_0_A_IBP_133.pdb.gz"
            }
        }
    },
    "Q9UGN5": {
        "4TVJ_A": {
            "09L_1": {
                "model": 0,
                "chain": "A",
                "ligand_id": "09L",
                "sequence_identifier": 601,
                "center_x": 18.881,
                "center_y": -1.417,
                "center_z": 17.624,
                "size_x": 8.0,
                "size_y": 11.0,
                "size_z": 10.0,
                "volume": 880.0,