TOTAL_SCORE,SCORE_RB_PEN,SCORE_NORM_HEVATOMS,SCORE_NORM_CRT_HEVATOMS,SCORE_NORM_WEIGHT,SCORE_NORM_CRT_WEIGHT,SCORE_RB_PEN_NORM_CRT_HEVATOMS,SCORE_NORM_CONTACT,PLPtotal,PLPparthbond,PLPpartsteric,PLPpartmetal,PLPpartrepulsive,PLPpartburpolar,LIG_NUM_CLASH,LIG_NUM_CONTACT,LIG_NUM_NO_CONTACT,CHEMpartmetal,CHEMparthbond,CHEMparthbondCHO,DON,ACC,UNUSED_DON,UNUSED_ACC,CHEMPLP_CLASH2,TRIPOS_TORS,ATOMS_OUTSIDE_BINDINGSITE
aspirin_entry_00001_conf_01,-59.8087,-53.8087,-4.60067,-25.4361,-0.333855,-10.6095,-22.8843,-4.60067,-32.5091,-3,-23.6421,0,0.330961,-0.0442385,0,13,0,0,-13.0471,0,0,3,0,1,0,2.27568,0
aspirin_entry_00001_conf_02,-58.6915,-52.6915,-4.51473,-24.9609,-0.327618,-10.4113,-22.4092,-4.51473,-36.0982,-2,-35.9624,0,0.175434,-0.0794259,2,11,0,0,-5.94593,0,0,3,0,1,0.695615,0.793172,0
aspirin_entry_00001_conf_03,-56.2397,-50.2397,-4.32613,-23.9182,-0.313932,-9.97641,-21.3665,-4.32613,-31.3885,-2.92221,-28.4514,0,0.0239944,0,3,10,0,0,-9.52292,0,0,3,0,1,0.00286484,1.63326,0
aspirin_entry_00001_conf_04,-55.2629,-49.2629,-4.25099,-23.5028,-0.30848,-9.80313,-20.951,-4.25099,-32.7925,-2.21247,-26.4168,0,0.127874,0,0,13,0,0,-8.87594,0,0,3,0,1,0.00287628,2.61209,0
aspirin_entry_00001_conf_05,-54.974,-48.974,-4.22877,-23.3799,-0.306867,-9.75187,-20.8282,-4.22877,-32.4192,-3.45648,-28.8283,0,0.271269,0,3,10,0,0,-9.38601,0,0,3,0,0,0,2.67956,0
aspirin_entry_00001_conf_06,-54.172,-48.172,-4.16708,-23.0388,-0.30239,-9.60961,-20.4871,-4.16708,-34.8408,-1,-36.4192,0,0.831064,-0.1,4,9,0,0,-3,0,0,3,0,2,0.0088221,1.15298,0
aspirin_entry_00001_conf_07,-53.6377,-47.6377,-4.12598,-22.8116,-0.299408,-9.51483,-20.2599,-4.12598,-36.9874,0,-41.2086,0,0.217245,-0.0569931,2,11,0,0,0,0,0,3,0,3,0.00297165,1.08924,0
aspirin_entry_00001_conf_08,-53.3689,-47.3689,-4.1053,-22.6973,-0.297907,-9.46714,-20.1455,-4.1053,-25.3514,-2,-22.1331,0,0.0747253,-0.0587252,0,13,0,0,-11.6181,0,0,3,0,2,0.481068,1.21455,0
aspirin_entry_00001_conf_09,-52.9437,-46.9437,-4.07259,-22.5164,-0.295534,-9.39172,-19.9647,-4.41198,-24.8129,-2,-18.4599,0,0.144,-0.052112,0,13,0,0,-11.2912,0,0,3,0,2,0.00149536,0.978059,0
aspirin_entry_00001_conf_10,-52.8841,-46.8841,-4.06801,-22.4911,-0.295201,-9.38116,-19.9394,-4.06801,-33.947,-1,-28.9072,0,0.527226,0,0,13,0,0,-2.43624,0,0,3,0,2,0,1.26873,0
