{
    "1": {
        "mode": 1,
        "energy": -6.4,
        "rmsd_lb": 0.0,
        "rmsd_ub": 0.0,
        "pKd": 4.694076402962903
    },
    "2": {
        "mode": 2,
        "energy": -5.9,
        "rmsd_lb": 26.64,
        "rmsd_ub": 30.295,
        "pKd": 4.3273516839814254
    },
    "3": {
        "mode": 3,
        "energy": -5.8,
        "rmsd_lb": 26.19,
        "rmsd_ub": 27.692,
        "pKd": 4.2540067401851305
    },
    "4": {
        "mode": 4,
        "energy": -5.7,
        "rmsd_lb": 11.177,
        "rmsd_ub": 12.122,
        "pKd": 4.1806617963888355
    },
    "5": {
        "mode": 5,
        "energy": -5.5,
        "rmsd_lb": 15.035,
        "rmsd_ub": 16.1,
        "pKd": 4.033971908796244
    },
    "6": {
        "mode": 6,
        "energy": -5.3,
        "rmsd_lb": 28.527,
        "rmsd_ub": 31.759,
        "pKd": 3.8872820212036534
    },
    "7": {
        "mode": 7,
        "energy": -5.3,
        "rmsd_lb": 15.164,
        "rmsd_ub": 16.207,
        "pKd": 3.8872820212036534
    },
    "8": {
        "mode": 8,
        "energy": -5.2,
        "rmsd_lb": 29.112,
        "rmsd_ub": 30.342,
        "pKd": 3.8139370774073584
    },
    "9": {
        "mode": 9,
        "energy": -5.1,
        "rmsd_lb": 43.193,
        "rmsd_ub": 44.723,
        "pKd": 3.740592133611063
    },
    "10": {
        "mode": 10,
        "energy": -5.1,
        "rmsd_lb": 30.265,
        "rmsd_ub": 31.622,
        "pKd": 3.740592133611063
    },
    "11": {
        "mode": 11,
        "energy": -5.1,
        "rmsd_lb": 38.972,
        "rmsd_ub": 39.997,
        "pKd": 3.740592133611063
    },
    "12": {
        "mode": 12,
        "energy": -5.0,
        "rmsd_lb": 29.006,
        "rmsd_ub": 30.483,
        "pKd": 3.667247189814767
    },
    "13": {
        "mode": 13,
        "energy": -5.0,
        "rmsd_lb": 52.588,
        "rmsd_ub": 54.016,
        "pKd": 3.667247189814767
    },
    "14": {
        "mode": 14,
        "energy": -4.9,
        "rmsd_lb": 24.179,
        "rmsd_ub": 27.728,
        "pKd": 3.593902246018472
    },
    "15": {
        "mode": 15,
        "energy": -4.8,
        "rmsd_lb": 42.759,
        "rmsd_ub": 44.712,
        "pKd": 3.5205573022221768
    },
    "16": {
        "mode": 16,
        "energy": -4.8,
        "rmsd_lb": 12.458,
        "rmsd_ub": 13.628,
        "pKd": 3.5205573022221768
    },
    "17": {
        "mode": 17,
        "energy": -4.8,
        "rmsd_lb": 43.089,
        "rmsd_ub": 45.399,
        "pKd": 3.5205573022221768
    },
    "18": {
        "mode": 18,
        "energy": -4.8,
        "rmsd_lb": 32.427,
        "rmsd_ub": 33.902,
        "pKd": 3.5205573022221768
    },
    "19": {
        "mode": 19,
        "energy": -4.7,
        "rmsd_lb": 16.48,
        "rmsd_ub": 19.796,
        "pKd": 3.447212358425882
    },
    "20": {
        "mode": 20,
        "energy": -4.7,
        "rmsd_lb": 17.505,
        "rmsd_ub": 19.136,
        "pKd": 3.447212358425882
    }
}