{
    "1": {
        "mode": 1,
        "energy": -5.5,
        "rmsd_lb": 0.0,
        "rmsd_ub": 0.0,
        "pKd": 4.033971908796244
    },
    "2": {
        "mode": 2,
        "energy": -5.5,
        "rmsd_lb": 11.818,
        "rmsd_ub": 13.631,
        "pKd": 4.033971908796244
    },
    "3": {
        "mode": 3,
        "energy": -5.2,
        "rmsd_lb": 14.665,
        "rmsd_ub": 16.564,
        "pKd": 3.8139370774073584
    },
    "4": {
        "mode": 4,
        "energy": -5.1,
        "rmsd_lb": 12.224,
        "rmsd_ub": 13.788,
        "pKd": 3.740592133611063
    },
    "5": {
        "mode": 5,
        "energy": -5.0,
        "rmsd_lb": 33.163,
        "rmsd_ub": 34.94,
        "pKd": 3.667247189814767
    },
    "6": {
        "mode": 6,
        "energy": -4.9,
        "rmsd_lb": 12.501,
        "rmsd_ub": 13.897,
        "pKd": 3.593902246018472
    },
    "7": {
        "mode": 7,
        "energy": -4.9,
        "rmsd_lb": 26.737,
        "rmsd_ub": 27.682,
        "pKd": 3.593902246018472
    },
    "8": {
        "mode": 8,
        "energy": -4.8,
        "rmsd_lb": 26.987,
        "rmsd_ub": 27.831,
        "pKd": 3.5205573022221768
    },
    "9": {
        "mode": 9,
        "energy": -4.7,
        "rmsd_lb": 25.599,
        "rmsd_ub": 27.367,
        "pKd": 3.447212358425882
    },
    "10": {
        "mode": 10,
        "energy": -4.7,
        "rmsd_lb": 18.008,
        "rmsd_ub": 20.137,
        "pKd": 3.447212358425882
    },
    "11": {
        "mode": 11,
        "energy": -4.7,
        "rmsd_lb": 25.218,
        "rmsd_ub": 27.085,
        "pKd": 3.447212358425882
    },
    "12": {
        "mode": 12,
        "energy": -4.6,
        "rmsd_lb": 22.916,
        "rmsd_ub": 23.875,
        "pKd": 3.3738674146295855
    },
    "13": {
        "mode": 13,
        "energy": -4.6,
        "rmsd_lb": 13.273,
        "rmsd_ub": 14.662,
        "pKd": 3.3738674146295855
    },
    "14": {
        "mode": 14,
        "energy": -4.6,
        "rmsd_lb": 28.56,
        "rmsd_ub": 29.519,
        "pKd": 3.3738674146295855
    },
    "15": {
        "mode": 15,
        "energy": -4.6,
        "rmsd_lb": 8.783,
        "rmsd_ub": 11.102,
        "pKd": 3.3738674146295855
    },
    "16": {
        "mode": 16,
        "energy": -4.6,
        "rmsd_lb": 15.183,
        "rmsd_ub": 17.477,
        "pKd": 3.3738674146295855
    },
    "17": {
        "mode": 17,
        "energy": -4.5,
        "rmsd_lb": 28.393,
        "rmsd_ub": 30.157,
        "pKd": 3.3005224708332905
    },
    "18": {
        "mode": 18,
        "energy": -4.5,
        "rmsd_lb": 12.121,
        "rmsd_ub": 13.249,
        "pKd": 3.3005224708332905
    },
    "19": {
        "mode": 19,
        "energy": -4.5,
        "rmsd_lb": 12.221,
        "rmsd_ub": 14.327,
        "pKd": 3.3005224708332905
    },
    "20": {
        "mode": 20,
        "energy": -4.4,
        "rmsd_lb": 19.516,
        "rmsd_ub": 20.759,
        "pKd": 3.2271775270369956
    }
}