{
    "1": {
        "mode": 1,
        "energy": -10.5,
        "rmsd_lb": 0.0,
        "rmsd_ub": 0.0,
        "pKd": 7.701219098611012
    },
    "2": {
        "mode": 2,
        "energy": -9.8,
        "rmsd_lb": 26.601,
        "rmsd_ub": 28.877,
        "pKd": 7.187804492036944
    },
    "3": {
        "mode": 3,
        "energy": -9.8,
        "rmsd_lb": 2.434,
        "rmsd_ub": 3.653,
        "pKd": 7.187804492036944
    },
    "4": {
        "mode": 4,
        "energy": -9.7,
        "rmsd_lb": 27.183,
        "rmsd_ub": 28.969,
        "pKd": 7.1144595482406485
    },
    "5": {
        "mode": 5,
        "energy": -9.5,
        "rmsd_lb": 19.682,
        "rmsd_ub": 24.828,
        "pKd": 6.967769660648059
    },
    "6": {
        "mode": 6,
        "energy": -9.4,
        "rmsd_lb": 26.596,
        "rmsd_ub": 28.932,
        "pKd": 6.894424716851764
    },
    "7": {
        "mode": 7,
        "energy": -9.4,
        "rmsd_lb": 27.432,
        "rmsd_ub": 30.514,
        "pKd": 6.894424716851764
    },
    "8": {
        "mode": 8,
        "energy": -9.4,
        "rmsd_lb": 26.934,
        "rmsd_ub": 29.16,
        "pKd": 6.894424716851764
    },
    "9": {
        "mode": 9,
        "energy": -9.3,
        "rmsd_lb": 7.495,
        "rmsd_ub": 12.522,
        "pKd": 6.821079773055468
    },
    "10": {
        "mode": 10,
        "energy": -9.1,
        "rmsd_lb": 19.532,
        "rmsd_ub": 21.419,
        "pKd": 6.674389885462876
    },
    "11": {
        "mode": 11,
        "energy": -9.0,
        "rmsd_lb": 21.272,
        "rmsd_ub": 23.28,
        "pKd": 6.601044941666581
    },
    "12": {
        "mode": 12,
        "energy": -8.9,
        "rmsd_lb": 4.626,
        "rmsd_ub": 7.661,
        "pKd": 6.527699997870287
    },
    "13": {
        "mode": 13,
        "energy": -8.9,
        "rmsd_lb": 23.108,
        "rmsd_ub": 25.956,
        "pKd": 6.527699997870287
    },
    "14": {
        "mode": 14,
        "energy": -8.8,
        "rmsd_lb": 22.879,
        "rmsd_ub": 25.824,
        "pKd": 6.454355054073991
    },
    "15": {
        "mode": 15,
        "energy": -8.7,
        "rmsd_lb": 26.644,
        "rmsd_ub": 28.273,
        "pKd": 6.381010110277694
    },
    "16": {
        "mode": 16,
        "energy": -8.7,
        "rmsd_lb": 28.269,
        "rmsd_ub": 30.739,
        "pKd": 6.381010110277694
    },
    "17": {
        "mode": 17,
        "energy": -8.7,
        "rmsd_lb": 26.952,
        "rmsd_ub": 29.883,
        "pKd": 6.381010110277694
    },
    "18": {
        "mode": 18,
        "energy": -8.7,
        "rmsd_lb": 28.127,
        "rmsd_ub": 31.254,
        "pKd": 6.381010110277694
    },
    "19": {
        "mode": 19,
        "energy": -8.6,
        "rmsd_lb": 26.83,
        "rmsd_ub": 29.246,
        "pKd": 6.307665166481399
    },
    "20": {
        "mode": 20,
        "energy": -8.6,
        "rmsd_lb": 32.292,
        "rmsd_ub": 34.824,
        "pKd": 6.307665166481399
    }
}