TOTAL_SCORE,SCORE_RB_PEN,SCORE_NORM_HEVATOMS,SCORE_NORM_CRT_HEVATOMS,SCORE_NORM_WEIGHT,SCORE_NORM_CRT_WEIGHT,SCORE_RB_PEN_NORM_CRT_HEVATOMS,SCORE_NORM_CONTACT,PLPtotal,PLPparthbond,PLPpartsteric,PLPpartmetal,PLPpartrepulsive,PLPpartburpolar,LIG_NUM_CLASH,LIG_NUM_CONTACT,LIG_NUM_NO_CONTACT,CHEMpartmetal,CHEMparthbond,CHEMparthbondCHO,DON,ACC,UNUSED_DON,UNUSED_ACC,CHEMPLP_CLASH2,TRIPOS_TORS,ATOMS_OUTSIDE_BINDINGSITE
ibuprofen_entry_00001_conf_01,-67.1056,-59.1056,-4.4737,-27.21,-0.32692,-11.3759,-23.9661,-4.4737,-45.8555,-1,-39.9158,0,0.171426,0,1,14,0,0,-6,0,0,2,0,1,0,1.8596,0
ibuprofen_entry_00001_conf_02,-64.1843,-56.1843,-4.27895,-26.0254,-0.312688,-10.8807,-22.7816,-4.58459,-43.1795,-1,-37.799,0,0,0,0,15,0,0,-6,0,0,2,0,1,0,1.89652,0
ibuprofen_entry_00001_conf_03,-58.7638,-50.7638,-3.91759,-23.8276,-0.286281,-9.9618,-20.5837,-3.91759,-39.2033,-1,-35.0558,0,0.0413357,0,0,15,0,0,-6,0,0,2,0,1,0.0372674,2.82211,0
ibuprofen_entry_00001_conf_04,-58.1027,-50.1027,-3.87351,-23.5595,-0.28306,-9.84972,-20.3156,-3.87351,-34.8002,-2,-30.0953,0,0,-0.1,1,14,0,0,-9,0,0,2,0,0,1.50284,1.83269,4
ibuprofen_entry_00001_conf_05,-55.6899,-47.6899,-3.71266,-22.5812,-0.271306,-9.4407,-19.3373,-3.71266,-37.0077,-1,-33.2243,0,0.0054854,0,0,15,0,0,-6,0,0,2,0,1,0,3.0762,0
ibuprofen_entry_00001_conf_06,-55.6134,-47.6134,-3.70756,-22.5501,-0.270933,-9.42772,-19.3063,-3.70756,-36.5906,-1,-31.5108,0,0.143661,0,0,15,0,0,-3,0,0,2,0,1,0,1.87643,0
ibuprofen_entry_00001_conf_07,-54.8838,-46.8838,-3.65892,-22.2543,-0.267379,-9.30404,-19.0104,-3.65892,-39.8189,0,-37.8443,0,0.19019,0,3,12,0,0,0,0,0,2,0,2,0,2.11531,0
ibuprofen_entry_00001_conf_08,-54.8751,-46.8751,-3.65834,-22.2508,-0.267337,-9.30258,-19.0069,-3.65834,-34.0529,-1,-30.3477,0,0.204004,0,0,15,0,0,-6,0,0,2,0,1,0.199247,1.877,0
ibuprofen_entry_00001_conf_09,-54.5309,-46.5309,-3.63539,-22.1112,-0.26566,-9.24422,-18.8673,-3.89506,-37.1097,-0.858229,-32.7105,0,0,0,0,15,0,0,-5.89839,0,0,2,0,1,3.412,1.94296,0
ibuprofen_entry_00001_conf_10,-53.8544,-45.8544,-3.59029,-21.8369,-0.262364,-9.12954,-18.593,-3.59029,-31.0181,-2.94539,-27.6255,0,0,-0.0987335,1,14,0,0,-9.34032,0,0,2,0,0,0,2.89831,2
