{
    "1": {
        "mode": 1,
        "energy": -6.4,
        "rmsd_lb": 0.0,
        "rmsd_ub": 0.0,
        "pKd": 4.694076402962903
    },
    "2": {
        "mode": 2,
        "energy": -6.2,
        "rmsd_lb": 27.794,
        "rmsd_ub": 28.617,
        "pKd": 4.547386515370312
    },
    "3": {
        "mode": 3,
        "energy": -6.2,
        "rmsd_lb": 28.094,
        "rmsd_ub": 29.607,
        "pKd": 4.547386515370312
    },
    "4": {
        "mode": 4,
        "energy": -6.0,
        "rmsd_lb": 28.477,
        "rmsd_ub": 29.504,
        "pKd": 4.40069662777772
    },
    "5": {
        "mode": 5,
        "energy": -5.7,
        "rmsd_lb": 26.207,
        "rmsd_ub": 27.88,
        "pKd": 4.1806617963888355
    },
    "6": {
        "mode": 6,
        "energy": -5.6,
        "rmsd_lb": 23.252,
        "rmsd_ub": 24.891,
        "pKd": 4.10731685259254
    },
    "7": {
        "mode": 7,
        "energy": -5.3,
        "rmsd_lb": 16.62,
        "rmsd_ub": 18.439,
        "pKd": 3.8872820212036534
    },
    "8": {
        "mode": 8,
        "energy": -5.3,
        "rmsd_lb": 29.694,
        "rmsd_ub": 30.408,
        "pKd": 3.8872820212036534
    },
    "9": {
        "mode": 9,
        "energy": -5.2,
        "rmsd_lb": 16.833,
        "rmsd_ub": 18.202,
        "pKd": 3.8139370774073584
    },
    "10": {
        "mode": 10,
        "energy": -5.2,
        "rmsd_lb": 6.282,
        "rmsd_ub": 7.579,
        "pKd": 3.8139370774073584
    },
    "11": {
        "mode": 11,
        "energy": -5.1,
        "rmsd_lb": 23.767,
        "rmsd_ub": 25.394,
        "pKd": 3.740592133611063
    },
    "12": {
        "mode": 12,
        "energy": -5.1,
        "rmsd_lb": 17.11,
        "rmsd_ub": 18.686,
        "pKd": 3.740592133611063
    },
    "13": {
        "mode": 13,
        "energy": -5.0,
        "rmsd_lb": 30.385,
        "rmsd_ub": 32.036,
        "pKd": 3.667247189814767
    },
    "14": {
        "mode": 14,
        "energy": -4.9,
        "rmsd_lb": 20.177,
        "rmsd_ub": 21.878,
        "pKd": 3.593902246018472
    },
    "15": {
        "mode": 15,
        "energy": -4.9,
        "rmsd_lb": 23.254,
        "rmsd_ub": 24.969,
        "pKd": 3.593902246018472
    },
    "16": {
        "mode": 16,
        "energy": -4.8,
        "rmsd_lb": 23.836,
        "rmsd_ub": 25.567,
        "pKd": 3.5205573022221768
    },
    "17": {
        "mode": 17,
        "energy": -4.8,
        "rmsd_lb": 20.135,
        "rmsd_ub": 21.472,
        "pKd": 3.5205573022221768
    },
    "18": {
        "mode": 18,
        "energy": -4.7,
        "rmsd_lb": 31.631,
        "rmsd_ub": 33.182,
        "pKd": 3.447212358425882
    },
    "19": {
        "mode": 19,
        "energy": -4.7,
        "rmsd_lb": 5.227,
        "rmsd_ub": 6.794,
        "pKd": 3.447212358425882
    },
    "20": {
        "mode": 20,
        "energy": -4.6,
        "rmsd_lb": 20.872,
        "rmsd_ub": 22.234,
        "pKd": 3.3738674146295855
    }
}