TOTAL_SCORE,SCORE_RB_PEN,SCORE_NORM_HEVATOMS,SCORE_NORM_CRT_HEVATOMS,SCORE_NORM_WEIGHT,SCORE_NORM_CRT_WEIGHT,SCORE_RB_PEN_NORM_CRT_HEVATOMS,SCORE_NORM_CONTACT,PLPtotal,PLPparthbond,PLPpartsteric,PLPpartmetal,PLPpartrepulsive,PLPpartburpolar,LIG_NUM_CLASH,LIG_NUM_CONTACT,LIG_NUM_NO_CONTACT,CHEMpartmetal,CHEMparthbond,CHEMparthbondCHO,DON,ACC,UNUSED_DON,UNUSED_ACC,CHEMPLP_CLASH2,TRIPOS_TORS,ATOMS_OUTSIDE_BINDINGSITE
Olaparib_entry_00001_conf_01,-97.1049,-89.1049,-3.03453,-30.5861,-0.223505,-12.821,-28.0663,-3.03453,-87.9198,-1.68581,-79.3798,0,0.663023,0,3,29,0,0,-5.42698,0,1,4,1,2,0,6.80188,0
Olaparib_entry_00001_conf_02,-89.4899,-81.4899,-2.79656,-28.1875,-0.205978,-11.8156,-25.6677,-2.71181,-80.0017,-3.40671,-68.1491,0,0.281924,0,1,31,0,0,-5.03159,0,1,4,0,2,0.000201331,7.03373,0
Olaparib_entry_00001_conf_03,-86.6819,-78.6819,-2.70881,-27.3031,-0.199515,-11.4449,-24.7832,-2.70881,-75.6734,-2,-70.1371,0,0.126657,0,3,29,0,0,-5.51972,0,1,4,1,2,0.0294209,6.58494,0
Olaparib_entry_00001_conf_04,-84.9251,-76.9251,-2.65391,-26.7497,-0.195471,-11.2129,-24.2299,-2.65391,-72.5027,-2.87218,-66.2805,0,1.57312,-0.0235618,6,26,0,0,-5.20097,-3,1,4,0,2,0,6.80982,0
Olaparib_entry_00001_conf_05,-83.6824,-75.6824,-2.61507,-26.3583,-0.192611,-11.0488,-23.8385,-2.61507,-80.98,-2.74795,-76.9742,0,0.539703,0,6,26,0,0,-3,0,1,4,0,3,8.91277,4.68967,0
Olaparib_entry_00001_conf_06,-83.4904,-75.4904,-2.60908,-26.2978,-0.192169,-11.0235,-23.778,-2.53001,-69.9237,-2,-64.3445,0,0.455262,-0.0106946,7,25,0,0,-7.10529,-3,1,4,0,2,0.0398212,6.81704,0
Olaparib_entry_00001_conf_07,-83.326,-75.326,-2.60394,-26.246,-0.19179,-11.0018,-23.7262,-2.52503,-68.8507,-3,-60.5756,0,0.421302,-0.00608492,3,29,0,0,-8.82703,0,1,4,0,3,0.00112322,6.62889,1
Olaparib_entry_00001_conf_08,-82.0214,-74.0214,-2.56317,-25.8351,-0.188788,-10.8295,-23.3153,-2.56317,-80.0373,-1,-84.612,0,0.264016,0,7,25,0,0,0,0,1,4,1,4,3.24712,6.38947,0
Olaparib_entry_00001_conf_09,-81.5557,-73.5557,-2.54861,-25.6884,-0.187716,-10.768,-23.1686,-2.54861,-71.8987,-2.20996,-65.9103,0,0.385211,0,5,27,0,0,-4.83333,0,1,4,1,2,0,6.96245,0
Olaparib_entry_00001_conf_10,-80.9362,-72.9362,-2.52926,-25.4933,-0.18629,-10.6862,-22.9735,-2.52926,-76.8941,-3.8471,-69.7198,0,0.350981,0,10,22,0,0,-1.66971,-3,1,4,1,3,12.1362,3.38509,0
