{
    "1": {
        "mode": 1,
        "energy": -12.4,
        "rmsd_lb": 0.0,
        "rmsd_ub": 0.0,
        "pKd": 9.094773030740624
    },
    "2": {
        "mode": 2,
        "energy": -11.1,
        "rmsd_lb": 2.183,
        "rmsd_ub": 3.692,
        "pKd": 8.141288761388783
    },
    "3": {
        "mode": 3,
        "energy": -11.0,
        "rmsd_lb": 2.249,
        "rmsd_ub": 3.497,
        "pKd": 8.067943817592488
    },
    "4": {
        "mode": 4,
        "energy": -10.8,
        "rmsd_lb": 1.864,
        "rmsd_ub": 2.531,
        "pKd": 7.9212539299998985
    },
    "5": {
        "mode": 5,
        "energy": -10.8,
        "rmsd_lb": 2.897,
        "rmsd_ub": 3.847,
        "pKd": 7.9212539299998985
    },
    "6": {
        "mode": 6,
        "energy": -10.1,
        "rmsd_lb": 3.268,
        "rmsd_ub": 4.381,
        "pKd": 7.407839323425829
    },
    "7": {
        "mode": 7,
        "energy": -9.9,
        "rmsd_lb": 4.381,
        "rmsd_ub": 5.791,
        "pKd": 7.261149435833239
    },
    "8": {
        "mode": 8,
        "energy": -9.9,
        "rmsd_lb": 4.167,
        "rmsd_ub": 6.362,
        "pKd": 7.261149435833239
    },
    "9": {
        "mode": 9,
        "energy": -9.5,
        "rmsd_lb": 4.358,
        "rmsd_ub": 7.366,
        "pKd": 6.967769660648059
    }
}