TOTAL_SCORE,SCORE_RB_PEN,SCORE_NORM_HEVATOMS,SCORE_NORM_CRT_HEVATOMS,SCORE_NORM_WEIGHT,SCORE_NORM_CRT_WEIGHT,SCORE_RB_PEN_NORM_CRT_HEVATOMS,SCORE_NORM_CONTACT,PLPtotal,PLPparthbond,PLPpartsteric,PLPpartmetal,PLPpartrepulsive,PLPpartburpolar,LIG_NUM_CLASH,LIG_NUM_CONTACT,LIG_NUM_NO_CONTACT,CHEMpartmetal,CHEMparthbond,CHEMparthbondCHO,DON,ACC,UNUSED_DON,UNUSED_ACC,CHEMPLP_CLASH2,TRIPOS_TORS,ATOMS_OUTSIDE_BINDINGSITE
Olaparib_entry_00001_conf_01,-97.2832,-89.2832,-3.0401,-30.6423,-0.223916,-12.8446,-28.1225,-2.94798,-82.7487,-3.74233,-72.1243,0,4.77596,-0.0624738,4,28,0,0,-10.0919,0,1,4,0,2,0,7.06991,0
Olaparib_entry_00001_conf_02,-96.7409,-88.7409,-3.02315,-30.4715,-0.222667,-12.773,-27.9516,-3.02315,-90.3594,-1,-77.8464,0,2.28802,0,2,30,0,0,-3,0,1,4,1,3,1.05728,6.48211,0
Olaparib_entry_00001_conf_03,-95.2365,-87.2365,-2.97614,-29.9976,-0.219205,-12.5743,-27.4778,-2.88595,-84.3903,-3.01021,-73.6808,0,1.73003,0,3,29,0,0,-11.7434,0,1,4,0,2,12.3053,3.62854,0
Olaparib_entry_00001_conf_04,-91.2189,-83.2189,-2.85059,-28.7321,-0.209957,-12.0439,-26.2123,-2.85059,-81.1888,-1.9052,-70.0077,0,1.3426,0,2,30,0,0,-5.63929,0,1,4,1,3,0.00224643,6.8139,0
Olaparib_entry_00001_conf_05,-86.7891,-78.7891,-2.71216,-27.3369,-0.199761,-11.459,-24.817,-2.71216,-78.1747,-2.34571,-84.8404,0,1.15373,0,11,21,0,0,-5.9374,0,1,4,1,3,0,7.34897,0
Olaparib_entry_00001_conf_06,-86.4632,-78.4632,-2.70198,-27.2342,-0.199011,-11.416,-24.7144,-2.70198,-78.5728,-1,-70.8594,0,2.19848,0,4,28,0,0,-2.95445,0,1,4,1,3,0.164848,6.58479,0
Olaparib_entry_00001_conf_07,-84.8344,-76.8344,-2.65107,-26.7211,-0.195262,-11.2009,-24.2013,-2.57074,-69.5986,-2.92858,-60.5566,0,0.757175,-0.036121,5,27,0,0,-11.8837,0,1,4,0,3,0,7.47726,0
Olaparib_entry_00001_conf_08,-83.9299,-75.9299,-2.62281,-26.4363,-0.19318,-11.0815,-23.9164,-2.62281,-77.0884,-0.32271,-72.4956,0,1.74904,0,5,27,0,0,-3,0,1,4,1,3,1.19803,6.60649,0
Olaparib_entry_00001_conf_09,-81.0974,-73.0974,-2.53429,-25.5441,-0.186661,-10.7075,-23.0242,-2.53429,-76.6786,-0.295714,-66.609,0,0.754496,0,1,31,0,0,0,0,1,4,1,4,0,6.85354,0
Olaparib_entry_00001_conf_10,-80.9205,-72.9205,-2.52877,-25.4884,-0.186254,-10.6842,-22.9685,-2.52877,-77.2139,-3.34743,-71.4857,0,1.09819,0,3,29,0,0,-1.89849,0,1,4,1,3,0.134807,8.13189,0
