{
    "1": {
        "mode": 1,
        "energy": -12.5,
        "rmsd_lb": 0.0,
        "rmsd_ub": 0.0,
        "pKd": 9.16811797453692
    },
    "2": {
        "mode": 2,
        "energy": -12.1,
        "rmsd_lb": 1.58,
        "rmsd_ub": 2.093,
        "pKd": 8.874738199351736
    },
    "3": {
        "mode": 3,
        "energy": -11.4,
        "rmsd_lb": 1.916,
        "rmsd_ub": 2.517,
        "pKd": 8.361323592777671
    },
    "4": {
        "mode": 4,
        "energy": -11.2,
        "rmsd_lb": 4.268,
        "rmsd_ub": 7.701,
        "pKd": 8.21463370518508
    },
    "5": {
        "mode": 5,
        "energy": -11.2,
        "rmsd_lb": 2.07,
        "rmsd_ub": 3.111,
        "pKd": 8.21463370518508
    },
    "6": {
        "mode": 6,
        "energy": -11.1,
        "rmsd_lb": 2.784,
        "rmsd_ub": 4.078,
        "pKd": 8.141288761388783
    },
    "7": {
        "mode": 7,
        "energy": -11.0,
        "rmsd_lb": 2.485,
        "rmsd_ub": 3.464,
        "pKd": 8.067943817592488
    },
    "8": {
        "mode": 8,
        "energy": -10.9,
        "rmsd_lb": 4.264,
        "rmsd_ub": 5.043,
        "pKd": 7.994598873796193
    },
    "9": {
        "mode": 9,
        "energy": -10.7,
        "rmsd_lb": 4.854,
        "rmsd_ub": 12.636,
        "pKd": 7.847908986203602
    },
    "10": {
        "mode": 10,
        "energy": -10.4,
        "rmsd_lb": 4.172,
        "rmsd_ub": 9.235,
        "pKd": 7.627874154814717
    },
    "11": {
        "mode": 11,
        "energy": -10.3,
        "rmsd_lb": 4.515,
        "rmsd_ub": 8.915,
        "pKd": 7.554529211018422
    },
    "12": {
        "mode": 12,
        "energy": -10.2,
        "rmsd_lb": 2.859,
        "rmsd_ub": 3.994,
        "pKd": 7.481184267222126
    },
    "13": {
        "mode": 13,
        "energy": -10.0,
        "rmsd_lb": 5.134,
        "rmsd_ub": 8.445,
        "pKd": 7.334494379629534
    },
    "14": {
        "mode": 14,
        "energy": -9.9,
        "rmsd_lb": 5.849,
        "rmsd_ub": 9.159,
        "pKd": 7.261149435833239
    },
    "15": {
        "mode": 15,
        "energy": -9.8,
        "rmsd_lb": 5.801,
        "rmsd_ub": 8.354,
        "pKd": 7.187804492036944
    },
    "16": {
        "mode": 16,
        "energy": -9.8,
        "rmsd_lb": 5.781,
        "rmsd_ub": 9.409,
        "pKd": 7.187804492036944
    },
    "17": {
        "mode": 17,
        "energy": -9.8,
        "rmsd_lb": 4.274,
        "rmsd_ub": 6.528,
        "pKd": 7.187804492036944
    },
    "18": {
        "mode": 18,
        "energy": -9.6,
        "rmsd_lb": 6.288,
        "rmsd_ub": 11.068,
        "pKd": 7.0411146044443536
    }
}