TOTAL_SCORE,SCORE_RB_PEN,SCORE_NORM_HEVATOMS,SCORE_NORM_CRT_HEVATOMS,SCORE_NORM_WEIGHT,SCORE_NORM_CRT_WEIGHT,SCORE_RB_PEN_NORM_CRT_HEVATOMS,SCORE_NORM_CONTACT,PLPtotal,PLPparthbond,PLPpartsteric,PLPpartmetal,PLPpartrepulsive,PLPpartburpolar,LIG_NUM_CLASH,LIG_NUM_CONTACT,LIG_NUM_NO_CONTACT,CHEMpartmetal,CHEMparthbond,CHEMparthbondCHO,DON,ACC,UNUSED_DON,UNUSED_ACC,CHEMPLP_CLASH2,TRIPOS_TORS,ATOMS_OUTSIDE_BINDINGSITE
aspirin_entry_00001_conf_01,-63.7896,-57.7896,-4.9069,-27.1291,-0.356076,-11.3157,-24.5774,-4.9069,-40.3841,-2,-33.2,0,0.0497364,0,0,13,0,0,-5.99998,0,0,3,0,1,0.00250011,1.12216,0
aspirin_entry_00001_conf_02,-62.6805,-56.6805,-4.82158,-26.6574,-0.349885,-11.1189,-24.1057,-4.82158,-42.7525,-1,-36.1557,0,0.169014,-0.0299255,1,12,0,0,-2.99661,0,0,3,0,2,0,1.20117,0
aspirin_entry_00001_conf_03,-60.8989,-54.8989,-4.68453,-25.8997,-0.33994,-10.8029,-23.348,-4.68453,-38.0513,-2,-32.7681,0,0.0575773,-0.0216839,1,12,0,0,-5.4843,0,0,3,0,1,0,1.12638,0
aspirin_entry_00001_conf_04,-60.63,-54.63,-4.66385,-25.7854,-0.338439,-10.7552,-23.2336,-4.66385,-39.1173,-1.92125,-32.7238,0,0.499089,-0.0732101,0,13,0,0,-5.56621,0,0,3,0,1,0.148604,1.24496,0
aspirin_entry_00001_conf_05,-57.2455,-51.2455,-4.4035,-24.346,-0.319547,-10.1548,-21.7942,-4.4035,-37.237,-1,-31.4486,0,0.525222,-0.0401068,0,13,0,0,-2.99241,0,0,3,0,2,0.00177809,1.21535,0
aspirin_entry_00001_conf_06,-57.1704,-51.1704,-4.39773,-24.314,-0.319128,-10.1415,-21.7623,-4.39773,-38.187,-0.893436,-34.2694,0,0.334926,0,2,11,0,0,-2.57349,0,0,3,0,2,0.00280762,1.30992,0
aspirin_entry_00001_conf_07,-56.8597,-50.8597,-4.37382,-24.1819,-0.317393,-10.0864,-21.6301,-4.37382,-39.4368,0,-35.4665,0,0.119862,-0.00501804,0,13,0,0,0,0,0,3,0,3,0,0.968757,0
aspirin_entry_00001_conf_08,-56.6818,-50.6818,-4.36014,-24.1062,-0.3164,-10.0548,-21.5545,-4.36014,-30.4022,-2.83483,-23.3229,0,0.146839,-0.0467047,0,13,0,0,-8.99881,0,0,3,0,1,0.759117,0.771208,0
aspirin_entry_00001_conf_09,-56.079,-50.079,-4.31377,-23.8499,-0.313035,-9.94789,-21.2981,-4.31377,-34.6072,-1,-30.0371,0,0.996663,-0.0367774,1,12,0,0,-2.87482,-3,0,3,0,1,0.00526047,1.87135,0
aspirin_entry_00001_conf_10,-56.0284,-50.0284,-4.30988,-23.8283,-0.312753,-9.93892,-21.2766,-4.30988,-39.322,0,-35.7696,0,0.0867283,-0.0737169,0,13,0,0,0,0,0,3,0,3,0.00427628,1.11245,0
