{
    "1": {
        "mode": 1,
        "energy": -6.9,
        "rmsd_lb": 0.0,
        "rmsd_ub": 0.0,
        "pKd": 5.06080112194438
    },
    "2": {
        "mode": 2,
        "energy": -6.9,
        "rmsd_lb": 0.06,
        "rmsd_ub": 1.477,
        "pKd": 5.06080112194438
    },
    "3": {
        "mode": 3,
        "energy": -6.5,
        "rmsd_lb": 3.301,
        "rmsd_ub": 5.988,
        "pKd": 4.767421346759198
    },
    "4": {
        "mode": 4,
        "energy": -6.4,
        "rmsd_lb": 1.683,
        "rmsd_ub": 2.248,
        "pKd": 4.694076402962903
    },
    "5": {
        "mode": 5,
        "energy": -6.4,
        "rmsd_lb": 3.681,
        "rmsd_ub": 4.886,
        "pKd": 4.694076402962903
    },
    "6": {
        "mode": 6,
        "energy": -6.4,
        "rmsd_lb": 1.649,
        "rmsd_ub": 2.02,
        "pKd": 4.694076402962903
    },
    "7": {
        "mode": 7,
        "energy": -6.3,
        "rmsd_lb": 3.142,
        "rmsd_ub": 6.113,
        "pKd": 4.620731459166607
    },
    "8": {
        "mode": 8,
        "energy": -6.2,
        "rmsd_lb": 2.296,
        "rmsd_ub": 3.385,
        "pKd": 4.547386515370312
    },
    "9": {
        "mode": 9,
        "energy": -6.2,
        "rmsd_lb": 1.55,
        "rmsd_ub": 2.131,
        "pKd": 4.547386515370312
    },
    "10": {
        "mode": 10,
        "energy": -6.0,
        "rmsd_lb": 3.393,
        "rmsd_ub": 5.11,
        "pKd": 4.40069662777772
    },
    "11": {
        "mode": 11,
        "energy": -5.9,
        "rmsd_lb": 2.605,
        "rmsd_ub": 5.583,
        "pKd": 4.3273516839814254
    },
    "12": {
        "mode": 12,
        "energy": -5.7,
        "rmsd_lb": 3.503,
        "rmsd_ub": 4.959,
        "pKd": 4.1806617963888355
    },
    "13": {
        "mode": 13,
        "energy": -5.6,
        "rmsd_lb": 3.981,
        "rmsd_ub": 5.774,
        "pKd": 4.10731685259254
    },
    "14": {
        "mode": 14,
        "energy": -5.6,
        "rmsd_lb": 4.687,
        "rmsd_ub": 6.908,
        "pKd": 4.10731685259254
    },
    "15": {
        "mode": 15,
        "energy": -5.6,
        "rmsd_lb": 3.465,
        "rmsd_ub": 4.997,
        "pKd": 4.10731685259254
    },
    "16": {
        "mode": 16,
        "energy": -5.5,
        "rmsd_lb": 3.525,
        "rmsd_ub": 4.715,
        "pKd": 4.033971908796244
    },
    "17": {
        "mode": 17,
        "energy": -5.3,
        "rmsd_lb": 2.88,
        "rmsd_ub": 4.638,
        "pKd": 3.8872820212036534
    },
    "18": {
        "mode": 18,
        "energy": -5.3,
        "rmsd_lb": 3.82,
        "rmsd_ub": 5.831,
        "pKd": 3.8872820212036534
    },
    "19": {
        "mode": 19,
        "energy": -5.2,
        "rmsd_lb": 4.64,
        "rmsd_ub": 6.547,
        "pKd": 3.8139370774073584
    },
    "20": {
        "mode": 20,
        "energy": -4.9,
        "rmsd_lb": 3.864,
        "rmsd_ub": 6.474,
        "pKd": 3.593902246018472
    }
}