{
    "P23219": {
        "6Y3C_A": {
            "FLC_1": {
                "model": 0,
                "chain": "A",
                "ligand_id": "FLC",
                "sequence_identifier": 710,
                "center_x": -21.897,
                "center_y": -40.913,
                "center_z": 3.445,
                "size_x": 5.0,
                "size_y": 4.0,
                "size_z": 5.0,
                "volume": 100.0,
                "atom_centers": [
                    [
                        -19.982999801635742,
                        -41.375999450683594,
                        4.330999851226807
                    ],
                    [
                        -21.402999877929688,
                        -41.604000091552734,
                        3.815999984741211
                    ],
                    [
                        -22.073999404907227,
                        -40.32600021362305,
                        3.313999891281128
                    ],
                    [
                        -22.80500030517578,
                        -39.64500045776367,
                        4.468999862670898
                    ],
                    [
                        -23.094999313354492,
                        -40.6510009765625,
                        2.2230000495910645
                    ],
                    [
                        -23.06800079345703,
                        -42.10499954223633,
                        1.75
                    ],
                    [
                        -19.256000518798828,
                        -40.4900016784668,
                        3.809999942779541
                    ],
                    [
                        -19.538999557495117,
                        -42.08000183105469,
                        5.276000022888184
                    ],
                    [
                        -23.961000442504883,
                        -39.178001403808594,
                        4.288000106811523
                    ],
                    [
                        -22.2549991607666,
                        -39.547000885009766,
                        5.5980000495910645
                    ],
                    [
                        -22.266000747680664,
                        -42.459999084472656,
                        0.8460000157356262
                    ],
                    [
                        -23.854999542236328,
                        -42.946998596191406,
                        2.257999897003174
                    ],
                    [
                        -21.104000091552734,
                        -39.45600128173828,
                        2.802000045776367
                    ]
                ],
                "num_atoms": 13,
                "pdb_filename": "data/prepared_targets/P23219/6Y3C_A/6Y3C_A_natural_ligands/6Y3C_A_0_A_FLC_710.pdb",
                "compressed_pdb_filename": "data/prepared_targets/P23219/6Y3C_A/6Y3C_A_natural_ligands/6Y3C_A_0_A_FLC_710.pdb.gz"
            },
            "FLC_2": {
                "model": 0,
                "chain": "A",
                "ligand_id": "FLC",
                "sequence_identifier": 711,
                "center_x": -21.528,
                "center_y": -35.824,
                "center_z": 17.568,
                "size_x": 5.0,
                "size_y": 5.0,
                "size_z": 4.0,
                "volume": 100.0,
                "atom_centers": [
                    [
                        -19.933000564575195,
                        -37.41400146484375,
                        17.225000381469727
                    ],
                    [
                        -20.523000717163086,
                        -36.16999816894531,
                        17.885000228881836
                    ],
                    [
                        -21.547000885009766,
                        -35.46900177001953,
                        16.993000030517578
                    ],
                    [
                        -21.43899917602539,
                        -33.95600128173828,
                        17.180999755859375
                    ],
                    [
                        -22.964000701904297,
                        -35.941001892089844,
                        17.32900047302246
                    ],
                    [
                        -23.253999710083008,
                        -36.108001708984375,
                        18.82200050354004
                    ],
                    [
                        -20.4950008392334,
                        -37.91899871826172,
                        16.218000411987305
                    ],
                    [
                        -18.88800048828125,
                        -37.939998626708984,
                        17.691999435424805
                    ],
                    [
                        -20.843000411987305,
                        -33.25899887084961,
                        16.319000244140625
                    ],
                    [
                        -21.941999435424805,
                        -33.40299987792969,
                        18.194000244140625
                    ],
                    [
                        -23.01799964904785,
                        -37.20199966430664,
                        19.400999069213867
                    ],
                    [
                        -23.74799919128418,
                        -35.152000427246094,
                        19.475000381469727
                    ],
                    [
                        -21.270000457763672,
                        -35.7760009765625,
                        15.654000282287598
                    ]
                ],
                "num_atoms": 13,
                "pdb_filename": "data/prepared_targets/P23219/6Y3C_A/6Y3C_A_natural_ligands/6Y3C_A_0_A_FLC_711.pdb",
                "compressed_pdb_filename": "data/prepared_targets/P23219/6Y3C_A/6Y3C_A_natural_ligands/6Y3C_A_0_A_FLC_711.pdb.gz"
            },
            "FLC_3": {
                "model": 0,
                "chain": "A",
                "ligand_id": "FLC",
                "sequence_identifier": 712,
                "center_x": -14.098,
                "center_y": -33.71,
                "center_z": 10.62,
                "size_x": 6.0,
                "size_y": 4.0,
                "size_z": 6.0,
                "volume": 144.0,