{
    "1": {
        "mode": 1,
        "energy": -6.3,
        "rmsd_lb": 0.0,
        "rmsd_ub": 0.0,
        "pKd": 4.620731459166607
    },
    "2": {
        "mode": 2,
        "energy": -6.1,
        "rmsd_lb": 1.617,
        "rmsd_ub": 3.747,
        "pKd": 4.474041571574015
    },
    "3": {
        "mode": 3,
        "energy": -6.1,
        "rmsd_lb": 1.331,
        "rmsd_ub": 3.188,
        "pKd": 4.474041571574015
    },
    "4": {
        "mode": 4,
        "energy": -6.1,
        "rmsd_lb": 2.719,
        "rmsd_ub": 3.529,
        "pKd": 4.474041571574015
    },
    "5": {
        "mode": 5,
        "energy": -6.0,
        "rmsd_lb": 1.886,
        "rmsd_ub": 3.287,
        "pKd": 4.40069662777772
    },
    "6": {
        "mode": 6,
        "energy": -5.9,
        "rmsd_lb": 2.422,
        "rmsd_ub": 3.647,
        "pKd": 4.3273516839814254
    },
    "7": {
        "mode": 7,
        "energy": -5.9,
        "rmsd_lb": 2.19,
        "rmsd_ub": 3.654,
        "pKd": 4.3273516839814254
    },
    "8": {
        "mode": 8,
        "energy": -5.4,
        "rmsd_lb": 2.237,
        "rmsd_ub": 3.74,
        "pKd": 3.9606269649999493
    },
    "9": {
        "mode": 9,
        "energy": -5.3,
        "rmsd_lb": 2.735,
        "rmsd_ub": 5.115,
        "pKd": 3.8872820212036534
    },
    "10": {
        "mode": 10,
        "energy": -5.2,
        "rmsd_lb": 2.896,
        "rmsd_ub": 3.857,
        "pKd": 3.8139370774073584
    },
    "11": {
        "mode": 11,
        "energy": -5.1,
        "rmsd_lb": 4.095,
        "rmsd_ub": 5.268,
        "pKd": 3.740592133611063
    },
    "12": {
        "mode": 12,
        "energy": -4.9,
        "rmsd_lb": 3.926,
        "rmsd_ub": 5.203,
        "pKd": 3.593902246018472
    },
    "13": {
        "mode": 13,
        "energy": -4.9,
        "rmsd_lb": 3.973,
        "rmsd_ub": 5.427,
        "pKd": 3.593902246018472
    },
    "14": {
        "mode": 14,
        "energy": -4.8,
        "rmsd_lb": 3.953,
        "rmsd_ub": 5.265,
        "pKd": 3.5205573022221768
    },
    "15": {
        "mode": 15,
        "energy": -4.7,
        "rmsd_lb": 14.315,
        "rmsd_ub": 15.483,
        "pKd": 3.447212358425882
    },
    "16": {
        "mode": 16,
        "energy": -4.4,
        "rmsd_lb": 16.63,
        "rmsd_ub": 17.701,
        "pKd": 3.2271775270369956
    },
    "17": {
        "mode": 17,
        "energy": -4.4,
        "rmsd_lb": 10.375,
        "rmsd_ub": 11.788,
        "pKd": 3.2271775270369956
    },
    "18": {
        "mode": 18,
        "energy": -4.4,
        "rmsd_lb": 16.198,
        "rmsd_ub": 17.122,
        "pKd": 3.2271775270369956
    },
    "19": {
        "mode": 19,
        "energy": -4.3,
        "rmsd_lb": 14.886,
        "rmsd_ub": 16.496,
        "pKd": 3.1538325832406997
    },
    "20": {
        "mode": 20,
        "energy": -4.3,
        "rmsd_lb": 16.686,
        "rmsd_ub": 17.346,
        "pKd": 3.1538325832406997
    }
}